dataset,sample_id,question,gold_answers,prediction,final_action,correct,uncertainty,retrieval_uncertainty,conflict_uncertainty,stability_uncertainty,steps,num_evidence,budget_used,stop_reason,error_label
nq,-5526596992187554282,where does british airways fly to in south america,-1,-1,ANSWER,1,0.203978,0.127828,0.421295,0.068379,1,3,0,,0
nq,-6252343352866892945,how many nominations does game of thrones have,-1,0,ANSWER,0,0.361353,0.513256,0.343004,0.00912,1,3,0,policy_stop,1
nq,6333087717536579889,do yahoo email addresses end in com or net,-1,-1,ANSWER,1,0.103555,0.101598,0.122788,0.079596,1,3,0,,0
nq,1030650368316108760,what is sauce for the goose is sauce for the gander examples,-1,-1,ANSWER,1,0.187895,0.074639,0.459157,0.064141,1,3,0,,0
nq,-7717804473548713538,when does maggie come on grey's anatomy,-1,-1,ANSWER,1,0.113823,0.125478,0.119038,0.076865,1,3,0,,0
nq,-2243938021738632073,where does the last name hickey come from,Irish origin,Irish,ANSWER,0,0.294014,0.280619,0.489286,0.034591,1,3,0,,1
nq,4560268738134985863,list of food and beverage companies in the philippines,-1,-,ANSWER,0,0.231931,0.338833,0.184052,0.036496,1,3,0,,1
nq,-5012287815934106959,who's making love to your old lady,-1,-1,ANSWER,1,0.231159,0.158561,0.474643,0.047428,1,3,0,,0
nq,-105753652159334321,who sang the song i'm a nut,-1,-,ANSWER,0,0.352581,0.360608,0.566864,0.011089,1,3,0,,1
nq,-1052334833502528495,who was the first ministry head of state in nigeria,-1,-,ANSWER,0,0.326096,0.375483,0.439484,0.032548,1,3,0,,1
nq,5985355041383167183,benefits of colonial life for single celled organisms,-1,-1,ANSWER,1,0.206677,0.098734,0.492108,0.048389,1,3,0,,0
nq,-3126006632503975915,what does the key to the city entitle you to,-1,-,ANSWER,0,0.290177,0.309256,0.42346,0.042557,1,3,0,,1
nq,-2070039152279275503,when did the volcano erupt in indonesia 2018,-1,2018,ANSWER,0,0.274737,0.265437,0.441141,0.048383,1,3,0,,1
nq,8581459827310902378,what is andy's sisters name in toy story,Molly,Molly,ANSWER,1,0.189411,0.130957,0.354064,0.088569,1,3,0,,0
nq,2126001484827948953,equation for the velocity of an object in motion at constant acceleration,-1,-1,ANSWER,1,0.033505,0.061201,0.0,0.014521,1,3,0,,0
nq,5847589205369456560,what is the name of the most important jewish text,the Shulchan Aruch,the Shulchan Aruch,ANSWER,1,0.114711,0.206316,0.0,0.057764,1,3,0,,0
nq,-5528043434170938444,who sings with shaggy on it wasn me,English-Jamaican singer Rikrok,Rikrok,ANSWER,0,0.278933,0.261338,0.465163,0.043576,1,3,0,,1
nq,-7477781224997903414,when the clear air act was revised in 1990 it gave states,-1,-1,ANSWER,1,0.202164,0.104419,0.451331,0.072778,1,3,0,,0
nq,6745241833639665449,when did power rangers tv show come out,"August 28, 1993","August 28, 1993",ANSWER,1,0.279991,0.262136,0.463072,0.050005,1,3,0,,0
nq,5216012236245177138,100 acres is equal to how many hectares,1 square hectometre (hm2),1 square hectometre (hm2),ANSWER,1,0.219812,0.181214,0.383547,0.070706,1,3,0,,0
nq,-5016571946542294641,where did the beatles final live performance take place,the roof of the headquarters of the band's multimedia corporation Apple Corps at 3 Savile Row,3 Savile Row,ANSWER,0,0.354948,0.368376,0.560542,0.012986,1,3,0,,1
nq,-7429105113239769690,when does tom paris become a lieutenant again,-1,-1,ANSWER,1,0.227066,0.192276,0.389175,0.070877,1,3,0,,0
nq,-6344010436953808577,where do lie bumps come from on your tongue,-1,-1,ANSWER,1,0.108665,0.086393,0.180248,0.05697,1,3,0,,0
nq,-366213285678987857,describe charlemagne in the epic the song of roland,-1,-1,ANSWER,1,0.21597,0.155682,0.415405,0.067538,1,3,0,,0
nq,-2056370935420431402,how many beverly hills cops movies are there,three,three,ANSWER,1,0.192683,0.133762,0.362333,0.085514,1,3,0,,0
nq,-1544803461877304972,where does jinx you owe me a coke come from,Jinx is a children's game with varying rules and penalties that occur when two people unintentionally speak the same word or phrase simultaneously,-1,ANSWER,0,0.430118,0.485794,0.622762,0.001963,1,3,0,policy_stop,1
nq,-3080940078245937981,who has won a calendar grand slam in tennis,-1,-,ANSWER,0,0.307199,0.315947,0.475396,0.03303,1,3,0,,1
nq,2966400022502400195,what is the name of spain's most famous soccer team,Real Madrid,Real Madrid,ANSWER,1,0.266987,0.221257,0.491639,0.044332,1,3,0,,0
nq,4192791494289379737,where is the greatest royal rumble taking place,"Jeddah, Saudi Arabia","Jeddah, Saudi Arabia",ANSWER,1,0.23228,0.181215,0.431681,0.060844,1,3,0,,0
nq,-7195119017529305112,inheritance of the a b o blood groups is an example of,-1,a b o blood groups,ANSWER,0,0.264326,0.188219,0.543334,0.036081,1,3,0,,1
nq,5534194790926270381,who sang my name is tallulah in bugsy malone,"Louise ""Liberty"" Williams","Louise ""Liberty"" Williams",ANSWER,1,0.223891,0.174823,0.411029,0.065856,1,3,0,,0
nq,-8156487533476340696,who is the president of costa rica 2017,Luis Guillermo Solís Rivera,Luis Guillermo Sols Rivera,ANSWER,0,0.364604,0.450475,0.448485,0.024104,1,3,0,policy_stop,1
nq,-7620950068545848653,who holds the most women's wimbledon titles,Martina Navratilova,Martina Navratilova,ANSWER,1,0.214127,0.146926,0.42154,0.07101,1,3,0,,0
nq,-779398336021950751,until we meet again filipino soap episode 10,-1,-1,ANSWER,1,0.130801,0.116366,0.203302,0.058138,1,3,0,,0
nq,709934515264889589,athletes who have won dancing with the stars,-1,-1,ANSWER,1,0.198291,0.146849,0.360533,0.083533,1,3,0,,0
nq,2473199973077349805,who are uncle owen and aunt beru related to,Shmi || Anakin || Padmé Amidala,Padmé Amidala,ANSWER,1,0.215313,0.154462,0.415916,0.066533,1,3,0,,0
nq,-7533151238807228720,what does a dualist way of thinking mean,-1,-1,ANSWER,1,0.201823,0.160093,0.349875,0.084068,1,3,0,,0
nq,8942429205614838980,a property tax bill is an example of,-1,a tax bill,ANSWER,0,0.334667,0.314214,0.576384,0.023224,1,3,0,,1
nq,5297094182357205561,who are the actors in fast and furious,-1,-,ANSWER,0,0.361872,0.399006,0.529127,0.018156,1,3,0,,1
nq,-2304587052799052065,where was donovan mitchell picked in the draft,13th,13th,ANSWER,1,0.213666,0.150531,0.415847,0.068232,1,3,0,,0
nq,-2975172535563055798,how many season of the man in the high castle,-1,-1,ANSWER,1,0.222281,0.154384,0.443288,0.060515,1,3,0,,0
nq,4931880416121833580,when did fast and furious 5 come out,-1,-29,ANSWER,0,0.424281,0.532553,0.519512,0.010754,1,3,0,policy_stop,1
nq,4549465242785278785,when is the last episode of season 8 of the walking dead,"March 18, 2018","March 18, 2018",ANSWER,1,0.207441,0.168123,0.357674,0.080388,1,3,0,,0
nq,-2543388002166163252,in greek mythology who was the goddess of spring growth,"Persephone (/pərˈsɛfəni/; Greek: Περσεφόνη), also called Kore (/ˈkɔːriː/; ""the maiden"")",Persephone,ANSWER,0,0.30814,0.346908,0.423586,0.038054,1,3,0,,1
nq,-1287499231679664676,income elasticity of demand for normal good is always,-1,-1,ANSWER,1,0.043355,0.080889,0.0,0.014553,1,3,0,,0
nq,-8788616595671419029,where is zimbabwe located in the world map,"in southern Africa, between the Zambezi and Limpopo Rivers, bordered by South Africa, Botswana, Zambia and Mozambique",southern Africa,ANSWER,0,0.413459,0.482433,0.567316,0.010239,1,3,0,policy_stop,1
nq,3542596469291219966,when was the first robot used in surgery,1983,1983,ANSWER,1,0.23899,0.169434,0.483868,0.045562,1,3,0,,0
nq,-5235423955634533955,who sings the song i don't care i love it,Icona Pop and Charli XCX,Icona Pop,ANSWER,0,0.286232,0.24556,0.528406,0.024652,1,3,0,,1
nq,-8667931873064043582,what is the enthalpy of formation of cao(s),-1,-,ANSWER,0,0.320035,0.362784,0.439849,0.03344,1,3,0,,1
nq,-8835014735717300562,the rembrandts i'll be there for you album,-1,-1,ANSWER,1,0.131587,0.113058,0.224009,0.039276,1,3,0,,0
popqa,839130,"What is Harvey Peltier, Sr.'s occupation?","[""lawyer"", ""attorney"", ""solicitor"", ""barrister"", ""lawyers"", ""politician"", ""political leader"", ""political figure"", ""polit."", ""pol""]",director,ANSWER,0,0.370957,0.344844,0.661688,0.00014,1,3,0,policy_stop,1
popqa,1730929,What is Alexander Rinnooy Kan's occupation?,"[""mathematician"", ""economist"", ""economists""]",composer,ANSWER,0,0.271997,0.344662,0.332216,9e-06,1,3,0,,1
popqa,3583128,What is Bruce McDaniel's occupation?,"[""composer""]",astronomer,ANSWER,0,0.371887,0.344119,0.666091,2e-06,1,3,0,policy_stop,1
popqa,783368,What is John Floyd's occupation?,"[""politician"", ""political leader"", ""political figure"", ""polit."", ""pol""]",politician,ANSWER,0,0.267805,0.331521,0.340083,9.7e-05,1,3,0,,1
popqa,5120341,What is Matthew McKay's occupation?,"[""dentist"", ""dentists"", ""dental surgeon""]",dentist,ANSWER,0,0.368557,0.338357,0.664591,9e-06,1,3,0,policy_stop,1
popqa,3121959,What is Tsutomu Seki's occupation?,"[""astronomer""]",director,ANSWER,0,0.372017,0.344506,0.665878,3e-06,1,3,0,policy_stop,1
popqa,2605479,What is Richard Martin's occupation?,"[""actor"", ""actress"", ""actors"", ""actresses""]",composer,ANSWER,0,0.368028,0.336935,0.665198,4e-06,1,3,0,policy_stop,1
popqa,5807710,What is Thomas R. Whitney's occupation?,"[""politician"", ""political leader"", ""political figure"", ""polit."", ""pol""]",test pilot,ANSWER,0,0.365364,0.334675,0.659995,0.00014,1,3,0,policy_stop,1
popqa,596555,What is Fred C. Newmeyer's occupation?,"[""film director"", ""movie director"", ""director"", ""motion picture director"", ""film producer"", ""movie producer"", ""producer"", ""actor"", ""actress"", ""actors"", ""actresses""]",composer,ANSWER,0,0.370301,0.34331,0.662071,0.000123,1,3,0,policy_stop,1
popqa,4011112,What is Eleanor Davis's occupation?,"[""cartoonist"", ""graphic artist"", ""animator"", ""illustrator""]",composer,ANSWER,0,0.270336,0.340404,0.333772,1.2e-05,1,3,0,,1
popqa,4382392,What is Henry Feilden's occupation?,"[""politician"", ""political leader"", ""political figure"", ""polit."", ""pol""]",writer,ANSWER,0,0.370305,0.341684,0.664864,1.9e-05,1,3,0,policy_stop,1
popqa,394743,What is Bae Geu-rin's occupation?,"[""actor"", ""actress"", ""actors"", ""actresses""]",composer,ANSWER,0,0.371199,0.343875,0.664198,1.4e-05,1,3,0,policy_stop,1
popqa,2218017,What is Michael Arad's occupation?,"[""architect""]",architect,ANSWER,1,0.269839,0.339338,0.333899,2e-06,1,3,0,,0
popqa,6539068,What is Ole Krarup's occupation?,"[""politician"", ""political leader"", ""political figure"", ""polit."", ""pol""]",composer,ANSWER,0,0.268989,0.34025,0.329521,3.7e-05,1,3,0,,1
popqa,2303897,What is Edwin Wallock's occupation?,"[""actor"", ""actress"", ""actors"", ""actresses""]",composer,ANSWER,0,0.369463,0.339555,0.665617,2e-06,1,3,0,policy_stop,1
popqa,276787,What is Scooter Braun's occupation?,"[""talent manager"", ""artist manager"", ""band manager"", ""music manager"", ""musician manager"", ""manager"", ""pop entrepreneur""]",composer,ANSWER,0,0.368524,0.339174,0.663103,3.2e-05,1,3,0,policy_stop,1
popqa,1772720,What is Antonio Álvarez Alonso's occupation?,"[""composer"", ""pianist""]",composer,ANSWER,0,0.271741,0.343255,0.333703,1e-05,1,3,0,,1
popqa,4711830,What is John Finlay's occupation?,"[""politician"", ""political leader"", ""political figure"", ""polit."", ""pol""]",politician,ANSWER,0,0.266314,0.328619,0.339957,8.6e-05,1,3,0,,1
popqa,3261572,What is Albert Bates's occupation?,"[""lawyer"", ""attorney"", ""solicitor"", ""barrister"", ""lawyers""]",composer,ANSWER,0,0.369544,0.33973,0.665594,3e-06,1,3,0,policy_stop,1
popqa,4419938,What is Rudolf Hilferding's occupation?,"[""economist"", ""economists"", ""politician"", ""political leader"", ""political figure"", ""polit."", ""pol""]",composer,ANSWER,0,0.265951,0.334056,0.329721,3.3e-05,1,3,0,,1
popqa,4087826,What is Fairfax M. Cone's occupation?,"[""businessperson"", ""business person"", ""dealer"", ""businesswoman"", ""business man"", ""business woman"", ""businessman""]",writer,ANSWER,0,0.37029,0.342422,0.663576,3.2e-05,1,3,0,policy_stop,1
popqa,4607081,What is Jacob Kraemer's occupation?,"[""actor"", ""actress"", ""actors"", ""actresses""]",composer,ANSWER,0,0.368764,0.338194,0.665554,2e-06,1,3,0,policy_stop,1
popqa,3174290,What is William Watson's occupation?,"[""physician"", ""physicians"", ""medical doctor"", ""medical practitioner"", ""doctor"", ""medical doctors""]",architect,ANSWER,0,0.3695,0.341467,0.662534,3.3e-05,1,3,0,policy_stop,1
popqa,5982132,What is Thomas McMurtry's occupation?,"[""test pilot""]",test pilot,ANSWER,1,0.370964,0.342804,0.665204,4e-06,1,3,0,policy_stop,0
popqa,6206947,What is Wise's occupation?,"[""record producer"", ""music producer""]",record producer,ANSWER,0,0.36716,0.33542,0.664829,8e-06,1,3,0,policy_stop,1
popqa,4198902,What is Geeling Ng's occupation?,"[""restaurateur"", ""gastronomist"", ""restauranteur""]",chef,ANSWER,0,0.36665,0.335619,0.662778,3.3e-05,1,3,0,policy_stop,1
popqa,3696050,"What is Charles Strachey, 4th Baron O'Hagan's occupation?","[""politician"", ""political leader"", ""political figure"", ""polit."", ""pol""]",lawyer,ANSWER,0,0.378037,0.360427,0.659243,0.000255,1,3,0,policy_stop,1
popqa,6339290,"What is William Murray, 1st Earl of Mansfield's occupation?","[""politician"", ""political leader"", ""political figure"", ""polit."", ""pol""]",architect,ANSWER,0,0.381923,0.367611,0.66024,0.000229,1,3,0,policy_stop,1
popqa,1917994,What is Sarah Dawn Finer's occupation?,"[""actor"", ""actress"", ""actors"", ""actresses"", ""songwriter"", ""song writer""]",writer,ANSWER,0,0.271094,0.34529,0.328128,5.3e-05,1,3,0,,1
popqa,857817,What is Heath's occupation?,"[""songwriter"", ""song writer""]",singer,ANSWER,0,0.365287,0.332531,0.66339,2.3e-05,1,3,0,policy_stop,1
popqa,2224150,What is Brendan Canty's occupation?,"[""composer"", ""musician"", ""musical artist""]",musician,ANSWER,0,0.370324,0.341369,0.665458,9e-06,1,3,0,policy_stop,1
popqa,3635613,What is Colleen Zenk Pinter's occupation?,"[""actor"", ""actress"", ""actors"", ""actresses""]",composer,ANSWER,0,0.270815,0.342723,0.331503,1.5e-05,1,3,0,,1
popqa,2657379,What is Stevie Cameron's occupation?,"[""journalist"", ""journo"", ""journalists""]",composer,ANSWER,0,0.269283,0.337348,0.335353,1.6e-05,1,3,0,,1
popqa,1758574,What is Leona Detiège's occupation?,"[""politician"", ""political leader"", ""political figure"", ""polit."", ""pol""]",composer,ANSWER,0,0.267218,0.33659,0.32972,3.6e-05,1,3,0,,1
popqa,4172941,What is William Lescaze's occupation?,"[""architect""]",doctor,ANSWER,0,0.371232,0.343836,0.664368,1.9e-05,1,3,0,policy_stop,1
popqa,1085496,What is Edgar Allan Poe's occupation?,"[""journalist"", ""journo"", ""journalists"", ""playwright"", ""dramatist"", ""playwrite"", ""scriptwriter"", ""poet"", ""poetess"", ""bard""]",writer,ANSWER,0,0.371024,0.343674,0.663933,3.7e-05,1,3,0,policy_stop,1
popqa,3835721,What is Yoshiki Tonogai's occupation?,"[""mangaka"", ""manga artist""]",artist,ANSWER,0,0.267847,0.334807,0.334802,1.5e-05,1,3,0,,1
popqa,1536600,What is María Elena Marqués's occupation?,"[""actor"", ""actress"", ""actors"", ""actresses""]",composer,ANSWER,0,0.371005,0.34338,0.66437,2.3e-05,1,3,0,policy_stop,1
popqa,1223902,What is Herlyn Espinal's occupation?,"[""journalist"", ""journo"", ""journalists""]",journalist,ANSWER,0,0.368449,0.338208,0.664477,1.1e-05,1,3,0,policy_stop,1
popqa,4651204,What is Akari Hayami's occupation?,"[""actor"", ""actress"", ""actors"", ""actresses""]",composer,ANSWER,0,0.368913,0.339006,0.664692,1e-05,1,3,0,policy_stop,1
popqa,4822110,What is Kathy Saltzman's occupation?,"[""politician"", ""political leader"", ""political figure"", ""polit."", ""pol""]",writer,ANSWER,0,0.368348,0.337786,0.664843,1.1e-05,1,3,0,policy_stop,1
popqa,4650739,What is Javier Alva Orlandini's occupation?,"[""politician"", ""political leader"", ""political figure"", ""polit."", ""pol""]",composer,ANSWER,0,0.368761,0.34005,0.662396,8.9e-05,1,3,0,policy_stop,1
popqa,4222362,What is George Rankin's occupation?,"[""politician"", ""political leader"", ""political figure"", ""polit."", ""pol""]",writer,ANSWER,0,0.371849,0.34454,0.665253,1.4e-05,1,3,0,policy_stop,1
popqa,4725190,What is John Mayne's occupation?,"[""journalist"", ""journo"", ""journalists""]",politician,ANSWER,0,0.268738,0.335354,0.336851,2.8e-05,1,3,0,,1
popqa,5394168,What is Patrick O'Brien Demsey's occupation?,"[""actor"", ""actress"", ""actors"", ""actresses""]",writer,ANSWER,0,0.373823,0.3499,0.66289,3.3e-05,1,3,0,policy_stop,1
popqa,2693461,What is Sachiko Kokubu's occupation?,"[""actor"", ""actress"", ""actors"", ""actresses"", ""model"", ""fashion model"", ""sitter"", ""poser""]",composer,ANSWER,0,0.367284,0.33656,0.663334,2.3e-05,1,3,0,policy_stop,1
popqa,6250781,What is Þorsteinn Bachmann's occupation?,"[""actor"", ""actress"", ""actors"", ""actresses""]",composer,ANSWER,0,0.269988,0.33979,0.333633,1.4e-05,1,3,0,,1
popqa,3994636,What is Edward Corser's occupation?,"[""politician"", ""political leader"", ""political figure"", ""polit."", ""pol""]",architect,ANSWER,0,0.372318,0.345452,0.665296,1.3e-05,1,3,0,policy_stop,1
popqa,5383283,What is Paris's occupation?,"[""actor"", ""actress"", ""actors"", ""actresses""]",actress,ANSWER,0,0.368515,0.337793,0.66539,6e-06,1,3,0,policy_stop,1
popqa,3931528,What is Dominick Bellizzi's occupation?,"[""jockey""]",composer,ANSWER,0,0.272069,0.344317,0.333025,1.3e-05,1,3,0,,1
squad,56d20362e7d4791d009025eb,Who won Super Bowl 50?,Denver Broncos || Denver Broncos || Denver Broncos,Carolina Panthers,ANSWER,0,0.360563,0.345688,0.623871,0.002787,1,3,0,policy_stop,1
squad,56be8e613aeaaa14008c90d1,What was the theme of Super Bowl 50?,"""golden anniversary"" || gold-themed || ""golden anniversary",gold-themed initiatives,ANSWER,0,0.33723,0.314933,0.591297,0.011872,1,3,0,,1
squad,56bead5a3aeaaa14008c91e9,Who did the Panthers beat in the NFC Championship Game?,Arizona Cardinals || the Arizona Cardinals || Arizona Cardinals,Arizona Cardinals,ANSWER,1,0.380522,0.371568,0.648635,0.000736,1,3,0,policy_stop,0
squad,56bf10f43aeaaa14008c94ff,What stadium did Super Bowl 50 take place in?,Levi's Stadium || Levi's Stadium || Levi's Stadium,Levi's Stadium,ANSWER,1,0.365582,0.349176,0.634901,0.00262,1,3,0,policy_stop,0
squad,56bf159b3aeaaa14008c9507,What was the win/loss ratio in 2015 for the Carolina Panthers during their regular season?,15–1 || 15–1 || 15–1,24–10,ANSWER,0,0.387273,0.388017,0.643185,0.001545,1,3,0,policy_stop,1
squad,56bead5a3aeaaa14008c91ed,Who was this season's NFL MVP?,Cam Newton || Cam Newton || Cam Newton,Denver Broncos,ANSWER,0,0.397408,0.397532,0.662075,9.6e-05,1,3,0,policy_stop,1
squad,56d20362e7d4791d009025ea,What team was the NFC champion?,Carolina Panthers || Carolina Panthers || Carolina Panthers,Carolina Panthers,ANSWER,1,0.365742,0.360545,0.615684,0.003822,1,3,0,policy_stop,0
squad,56bead5a3aeaaa14008c91ea,Who lost to the Broncos in the AFC Championship?,New England Patriots || the New England Patriots || New England Patriots,New England Patriots,ANSWER,1,0.383369,0.373905,0.654561,0.000241,1,3,0,policy_stop,0
squad,56beace93aeaaa14008c91e0,What venue did Super Bowl 50 take place in?,Levi's Stadium || Levi's Stadium || Levi's Stadium in the San Francisco Bay Area at Santa Clara,Levi's Stadium,ANSWER,1,0.383607,0.379034,0.645843,0.001686,1,3,0,policy_stop,0
squad,56be4db0acb8001400a502f0,What color was used to emphasize the 50th anniversary of the Super Bowl?,gold || gold || gold,gold,ANSWER,1,0.331077,0.309053,0.581881,0.009932,1,3,0,,0
squad,56be4db0acb8001400a502ee,Where did Super Bowl 50 take place?,"Santa Clara, California || Levi's Stadium || Levi's Stadium in the San Francisco Bay Area at Santa Clara, California.","Lourdes, France",ANSWER,0,0.3842,0.379126,0.647409,0.00207,1,3,0,policy_stop,1
squad,56beace93aeaaa14008c91e2,"If Roman numerals were used, what would Super Bowl 50 have been called?",Super Bowl L || L || Super Bowl L,Super Bowl L,ANSWER,1,0.318725,0.288904,0.572237,0.013009,1,3,0,,0
squad,56d2045de7d4791d009025f4,Who did Carolina beat in the NFC championship game?,Arizona Cardinals || the Arizona Cardinals || Arizona Cardinals,Denver Broncos,ANSWER,0,0.397987,0.401164,0.657829,0.000284,1,3,0,policy_stop,1
squad,56d2045de7d4791d009025f6,Who did Denver beat in the AFC championship?,New England Patriots || the New England Patriots || New England Patriots,Carolina Panthers,ANSWER,0,0.413401,0.427734,0.665109,5e-06,1,3,0,policy_stop,1
squad,56bead5a3aeaaa14008c91ec,How many teams have been in the Super Bowl eight times?,four || four || four,four,ANSWER,1,0.382607,0.37885,0.643364,0.000863,1,3,0,policy_stop,0
squad,56be8e613aeaaa14008c90d2,What day was the game played on?,"February 7, 2016 || February 7 || February 7, 2016","February 7, 2016",ANSWER,1,0.365461,0.359372,0.616875,0.003561,1,3,0,policy_stop,0
squad,56d6017d1c85041400946ebe,Who was the Most Valuable Player for the 2015 NFL season?,Cam Newton || Cam Newton || Cam Newton,Cam Newton,ANSWER,1,0.376174,0.370169,0.635111,0.002783,1,3,0,policy_stop,0
squad,56bf10f43aeaaa14008c94fe,What city did Super Bowl 50 take place in?,Santa Clara || Santa Clara || Santa Clara,San Francisco Bay Area,ANSWER,0,0.385496,0.382085,0.647119,0.001586,1,3,0,policy_stop,1
squad,56d9895ddc89441400fdb510,What 2015 NFL team one the AFC playoff?,Denver Broncos || Denver Broncos || Denver Broncos,Carolina Panthers,ANSWER,0,0.398068,0.406448,0.649101,0.000566,1,3,0,policy_stop,1
squad,56bf10f43aeaaa14008c9501,"What month, day and year did Super Bowl 50 take place?","February 7, 2016 || February 7, 2016 || February 7, 2016",November,ANSWER,0,0.318956,0.404069,0.38701,0.004093,1,3,0,,1
squad,56d600e31c85041400946eb0,Which team won Super Bowl 50.,Denver Broncos || Denver Broncos || Denver Broncos,Denver Broncos,ANSWER,1,0.354425,0.33791,0.61566,0.003862,1,3,0,policy_stop,0
squad,56beace93aeaaa14008c91df,Who won Super Bowl 50?,Denver Broncos || Denver Broncos || Denver Broncos,Carolina Panthers,ANSWER,0,0.360563,0.345688,0.623871,0.002787,1,3,0,policy_stop,1
squad,56bf159b3aeaaa14008c9509,What were the win/loss game stats for the Denver Bronco's regular season in 2015?,12–4 || 12–4 || 12–4,24–10,ANSWER,0,0.371294,0.375627,0.607259,0.006514,1,3,0,policy_stop,1
squad,56d9895ddc89441400fdb50e,The name of the NFL championship game is?,Super Bowl || Super Bowl || Super Bowl,NFC Championship Game,ANSWER,0,0.38211,0.377249,0.643977,0.001461,1,3,0,policy_stop,1
squad,56be4e1facb8001400a502f9,How many appearances have the Denver Broncos made in the Super Bowl?,8 || eight || eight,eight,ANSWER,1,0.364196,0.34648,0.632157,0.006546,1,3,0,policy_stop,0
squad,56beaa4a3aeaaa14008c91c3,Who did the Broncos prevent from going to the Super Bowl?,New England Patriots || the New England Patriots || New England Patriots,Carolina Panthers,ANSWER,0,0.394221,0.393023,0.65888,0.000226,1,3,0,policy_stop,1
squad,56d20362e7d4791d009025e8,What year was Super Bowl 50?,2015 || 2016 || 2016,2015,ANSWER,1,0.353082,0.330833,0.623595,0.002934,1,3,0,policy_stop,0
squad,56bea9923aeaaa14008c91b9,What was the theme of Super Bowl 50?,"""golden anniversary"" || gold-themed || gold",gold-themed initiatives,ANSWER,0,0.33723,0.314933,0.591297,0.011872,1,3,0,,1
squad,56bf159b3aeaaa14008c950a,How many teams have played in the Super Bowl eight times?,4 || four || four,four,ANSWER,1,0.382514,0.378692,0.643338,0.000834,1,3,0,policy_stop,0
squad,56be4e1facb8001400a502f6,Which Carolina Panthers player was named Most Valuable Player?,Cam Newton || Cam Newton || Cam Newton,Cam Newton,ANSWER,1,0.361809,0.351986,0.616133,0.004881,1,3,0,policy_stop,0
squad,56bf159b3aeaaa14008c950b,Which team did not get a chance to defend their Super Bowl XLIX win in Super Bowl 50?,New England Patriots || the New England Patriots || New England Patriots,Broncos,ANSWER,0,0.349606,0.317911,0.632833,0.004002,1,3,0,policy_stop,1
squad,56d600e31c85041400946eb1,Where was Super Bowl 50 held?,"Santa Clara, California. || Levi's Stadium || Levi's Stadium",San Francisco Bay Area,ANSWER,0,0.359817,0.338474,0.633871,0.002096,1,3,0,policy_stop,1
squad,56be4e1facb8001400a502fa,What year was the Carolina Panthers franchise founded?,1995 || 1995 || 1995,1995,ANSWER,1,0.402506,0.411012,0.656467,0.000303,1,3,0,policy_stop,0
squad,56be8e613aeaaa14008c90d3,What is the AFC short for?,American Football Conference || American Football Conference || American Football Conference,Notre Dame Stadium,ANSWER,0,0.403779,0.415825,0.652147,0.001111,1,3,0,policy_stop,1
squad,56bead5a3aeaaa14008c91eb,Who were the defending Super Bowl champions?,New England Patriots || the New England Patriots || New England Patriots,Carolina Panthers,ANSWER,0,0.387917,0.394415,0.634642,0.001584,1,3,0,policy_stop,1
squad,56bf10f43aeaaa14008c94fd,What year did the Denver Broncos secure a Super Bowl title for the third time?,2015 || 2016 || 2015,2016,ANSWER,1,0.347999,0.321872,0.621346,0.003296,1,3,0,policy_stop,0
squad,56beaa4a3aeaaa14008c91c2,What team did the Panthers defeat?,Arizona Cardinals || the Arizona Cardinals || Arizona Cardinals,Denver Broncos,ANSWER,0,0.425543,0.455197,0.659773,6.3e-05,1,3,0,policy_stop,1
squad,56d2045de7d4791d009025f3,Who is the quarterback for the Panthers?,Cam Newton || Cam Newton || Cam Newton,Denver Broncos,ANSWER,0,0.411497,0.432063,0.650778,0.001163,1,3,0,policy_stop,1
squad,56bea9923aeaaa14008c91bb,What day was the Super Bowl played on?,"February 7, 2016 || February 7 || February 7, 2016","February 7, 2016",ANSWER,1,0.343465,0.32831,0.590317,0.011073,1,3,0,,0
squad,56d20362e7d4791d009025e9,What team was the AFC champion?,Denver Broncos || Denver Broncos || Denver Broncos,Denver Broncos,ANSWER,1,0.365708,0.360668,0.61535,0.003846,1,3,0,policy_stop,0
squad,56be4db0acb8001400a502ef,Which NFL team won Super Bowl 50?,Denver Broncos || Denver Broncos || Denver Broncos,Denver Broncos,ANSWER,1,0.344847,0.320625,0.612023,0.004639,1,3,0,policy_stop,0
squad,56beace93aeaaa14008c91e3,Super Bowl 50 decided the NFL champion for what season?,2015 || the 2015 season || 2015,2015,ANSWER,1,0.31068,0.263211,0.589742,0.010759,1,3,0,,0
squad,56be4db0acb8001400a502ec,Which NFL team represented the AFC at Super Bowl 50?,Denver Broncos || Denver Broncos || Denver Broncos,Denver Broncos,ANSWER,1,0.32882,0.290198,0.608655,0.005623,1,3,0,policy_stop,0
squad,56be4db0acb8001400a502ed,Which NFL team represented the NFC at Super Bowl 50?,Carolina Panthers || Carolina Panthers || Carolina Panthers,Denver Broncos,ANSWER,0,0.329149,0.290172,0.609894,0.005472,1,3,0,policy_stop,1
squad,56d2045de7d4791d009025f5,How many times have the Panthers been in the Super Bowl?,2 || second || second,24,ANSWER,0,0.347239,0.324498,0.612477,0.006233,1,3,0,policy_stop,1
squad,56bf10f43aeaaa14008c9500,What was the final score of Super Bowl 50?,24–10 || 24–10 || 24–10,24–10,ANSWER,1,0.34381,0.328013,0.592118,0.010837,1,3,0,,0
squad,56bea9923aeaaa14008c91ba,What does AFC stand for?,American Football Conference || American Football Conference || American Football Conference,American Football Conference,ANSWER,1,0.411122,0.432475,0.648751,0.001293,1,3,0,policy_stop,0
squad,56beace93aeaaa14008c91e1,What city did Super Bowl 50 take place in?,Santa Clara || Santa Clara || Santa Clara,San Francisco Bay Area,ANSWER,0,0.385496,0.382085,0.647119,0.001586,1,3,0,policy_stop,1
squad,56d600e31c85041400946eae,Super Bowl 50 determined the NFL champion for what season?,2015 || the 2015 season || 2015,2015,ANSWER,1,0.31068,0.263211,0.589742,0.010759,1,3,0,,0
squad,56bf159b3aeaaa14008c9508,Which Carolina Panthers team member was picked as the team's MVP in 2015?,Cam Newton || Cam Newton || Cam Newton,Denver Broncos,ANSWER,0,0.376675,0.369487,0.638599,0.001756,1,3,0,policy_stop,1
triviaqa,tc_316,If I Were A Rich Man Was a big hit from which stage show?,Fiddler on the Roof || Fiddler on a Roof || Fiddler on the roof || Sprintze || Fiddler On the Roof || 2 life || Fiddler On The Roof || The Fiddler on the Roof || Fiddler on the reoof || Anatevka,New York Daily News,ANSWER,0,0.385684,0.397053,0.620396,0.005193,1,3,0,policy_stop,1
triviaqa,tc_69,Rita Coolidge sang the title song for which Bond film?,Octopussy || Kamal kahn || List of Bond girls in Octopussy || Magda (James Bond) || List of James Bond allies in Octopussy || Vijay (James Bond) || Bond 13 || Octopussy (character) || Penelope Smallbone || General Orlov || Kamal Khan || Octopussy (film) || List of James Bond villains in Octopussy || Jim Fanning (James Bond),a fan of the song,ANSWER,0,0.374448,0.398768,0.574434,0.013668,1,3,0,,1
triviaqa,tc_540,Kagoshima international airport is in which country?,Japan || 日本國 || State of Japan || Ja-pan || Nihon || Nippon || Japang || Modern–era Japan || Etymology of Japan || Japan (country) || Republic of Japan || Japanese financial sector || Nihon-koku || ISO 3166-1:JP || 日本 || Japian || JapaN || The State of Japan || Riben || Nippon-koku || JPN || Jpan || Rìběn || 日本国 || Japao || JAPAN || Japoa || 🗾,Kagoshima Airport - Destination Haneda Airport (HND) .,ANSWER,0,0.445618,0.540581,0.581477,0.004423,1,3,0,policy_stop,1
triviaqa,tc_276,Who had an 80s No 1 hit with Hold On To The Nights?,Richard Marx || Richard Noel Marx,The Chipettes,ANSWER,0,0.442972,0.504242,0.635095,0.001613,2,3,0,policy_stop,1
triviaqa,tc_585,Otis Barton was a pioneer in exploring where?,Underwater || Under water || Underwater life || Undersea,"Otis Barton descended in his bathysphere to a then record depth of 3,028 feet (923 metres) in Bermuda waters",ANSWER,0,0.324369,0.322836,0.529279,0.020834,1,3,0,,1
triviaqa,tc_564,What was Walter Matthau's first movie?,The Kentuckian,Oscar and Felix appear together on Password and Felix is sure that they can win. 8.7,ANSWER,0,0.457281,0.533357,0.633801,0.002311,2,3,0,policy_stop,1
triviaqa,tc_304,Which 90s sci fi series with James Belushi was based on Bruce Wagner's comic strip of the same name?,Wild Palms,"Wild Palms is a six-hour mini-series , which first aired in May 1993 on the ABC network in the United States",ANSWER,0,0.224827,0.100278,0.568277,0.021023,1,3,0,,1
triviaqa,tc_543,In which sport could the Pacers take on the Pistons?,A: Basketball || Basketball || Basketball gear || Bball || Boy's Basketball || B Ball || Shoot hoops || Basketball parity worldwide || Men's Basketball || High school basketball || Basketball Worldwide || Basketball club || B-ball || Basket-ball || Basketball team || 🏀 || Basketball rim || Basketballer || Rim (basketball) || Basket ball || Basketball net || Baksetball || Basketball player || Basket-Ball || Women's hoops || Men's basketball || BasketBall || Basketball Parity Worldwide || Basket Ball || Baketball || Basketball Player || B ball || Unicycle basketball,Pistons,ANSWER,0,0.370881,0.387809,0.581855,0.012102,1,3,0,,1
triviaqa,tc_217,Which volcano in Tanzania is the highest mountain in Africa?,Kilimanjaro || Mawensi || Mt. Kilimanjaro || Kibo (volcano) || Mount killimanjaro || Highest mountain in Africa || Kilimanjaro Massif || Stella Point || Kilimandjaro || Kilimonjaro || Gilman's Point || Killimanjaro || Kilima-Njaro || Kiliminjaro || Mt Kilimanjaro || Kilimanjaro Mountain || Mount Kilimanjaro || Mawenzi || Uhuru Peak || Kilimanjiro || Kaiser-Wilhelm-Spitze || Mt Kilamanjaro || Mount Kiliminjaro || Mount Kilimandjaro || Mount Kilamanjaro || Tussock Grassland (Tanzania) || Kilamanjaro,Kilimanjaro,ANSWER,1,0.425206,0.493332,0.592284,0.004273,1,3,0,policy_stop,0
triviaqa,tc_56,What claimed the life of singer Kathleen Ferrier?,Cancer || Cancer pathology || Deaths by cancer || Anti-cancer || Cancer (disease) || Cancerophobia || Malignant lesion || Cancer medication || Malignant tumors || Cancer signs || Malignant neoplasm || Invasive (cancer) || Malignant Neoplasms || Malignant growth || Sporadic cancer || Malignant cancer || Tumour virus || Cancer en cuirasse || Microtumor || Malignant neoplasms || Malignant tumour || Carcinophobia || Malignacy || Cancer patient || Epithelial cancers || Solid cancer || Cancers || Tumor medication || Malignant neoplastic disease || AIDS-related cancer || Invasive cancer || Cancer therapy || Cancerous tumor || Financial toxicity || Cancer diagnosis || Cancer (medicine) || Malignant tumor || Cancerous || Borderline (cancer) || Signs of cancer || Malignancies || Cancer aromatase,Kathleen Ferrier,ANSWER,0,0.388238,0.446534,0.538332,0.01736,1,3,0,,1
triviaqa,tc_40,Who was the next British Prime Minister after Arthur Balfour?,Campbell-Bannerman || Sir Henry Campbell-Bannerman || Campbell Bannerman || Sir Henry Campbell Bannerman || Henry Campbell Bannerman || Henry Campbell-Bannerman,Arthur Balfour as a prime minister,ANSWER,0,0.442915,0.54488,0.564388,0.005793,1,3,0,policy_stop,1
triviaqa,tc_241,Of which African country is Niamey the capital?,Niger || Niger Republic || Nigerois || Republic Of Niger || Republic of Niger || The Republic of Niger || Nigerien || Niger (country) || République du Niger || Republique du Niger || ISO 3166-1:NE || NG-NI,Niger,ANSWER,1,0.465162,0.580214,0.580983,0.003799,1,3,0,policy_stop,0
triviaqa,tc_653,How old was Jimi Hendrix when he died?,27 || twenty-seven,"Wild Palms is a six-hour mini-series , which first aired in May 1993 on the ABC network in the United States",ANSWER,0,0.395811,0.439962,0.577165,0.013403,1,3,0,,1
triviaqa,tc_664,In which state was Gene Vincent born?,"Virginia || US-VA || State of Virginia || Virginia, USA || Tenth State || Religion in Virginia || Virginia (USA state) || Virginia (state) || Commonwealth of VA || Rest of Virginia || Mother of Presidents || Virginia (USA State) || The Old Dominion || VA (state) || Commonwealth of Virginia || Virginian Commonwealth || The Mother of Presidents || Virginia, United States || Council of Virginia || Sports in Virginia || Viginia || Virginia (U.S. state) || 10th State || Virgina || The Commonwealth of Virginia || VA, USA || Virginia (State)",New York Daily News,ANSWER,0,0.426153,0.519271,0.549039,0.009031,1,3,0,policy_stop,1
triviaqa,tc_561,Where in Canada is the Lion's Gate bridge?,"Vancouver || Vancouver, Canada || Vancouver (Canada) || Corpus Christi Elementary School (Canada) || UN/LOCODE:CAVAN || Vancouver, British Columbia, Canada || Vancouver, BC, Canada || Vancouver, British-Columbia || Vancouver, B.C., Canada || Vancouver, British Colombia || Vancover, British Columbia || Vansterdam || Vancouver (BC) || Hastings East (Vancouver) || Vancouver British Columbia || Vancouver Canada || City of Vancouver || Vancouver, BC || Vancouver (B.C.) || Vancouver City Centre, British Columbia || Vancouver, B.C. || South Vancouver, British Columbia || Vancouverite || Vancouver, British Columbia || Vancouver Christian School || Vancouvr || Hong kouver || Vancouverites || Hongcouver || Vancouver, bc || Corpus Christi Elementary || Hong couver || Greater Vancouver Bridges || Vancover || Vanocuver || Vancouver BC",X Beta I'm Watching This! Keep track of everything you watch; tell your friends. Error 2001: A Space Odyssey ( 1968,ANSWER,0,0.43088,0.486909,0.622796,0.002934,1,3,0,policy_stop,1
triviaqa,tc_79,What was the last US state to reintroduce alcohol after prohibition?,"Utah || Utah (State) || Forty-Fifth State || Sports in Utah || Climate of Utah || Education in Utah || UT (state) || Utahn || Yutas || Geography of Utah || Utah, United States || Utah state nickname || History of mining in Utah || State of Utah || Religion in Utah || Utah (U.S. state) || Transportation in Utah || Beehive State || US-UT || Utah (state) || Forty-fifth State || Utahan || Politics of Utah || Salt Lake Seagulls || 45th State || History of Utah (to 1847) || The Beehive State || Youtah || Transport in Utah","In the 1820s and ’30s, a wave of religious revivalism swept the United States, leading to increased calls for temperance",ANSWER,0,0.383125,0.388901,0.625173,0.005612,1,3,0,policy_stop,1
triviaqa,tc_665,How was the European Recovery Program in the 1940s more commonly known?,Marshall Plan || European Recovery Programme || The marshal plan || Marshall Aid || European Recovery Program || Marshall Paln || The Marshall Plan || European recovery act || Marshall aid || Marshal plan || Organization for European Economic Recovery || Ministère de la Reconstruction || Marshall aid plan || Economic Cooperation Act of 1948 || Marshall plan || Operation Rathole,Invest in America”,ANSWER,0,0.491756,0.600233,0.638165,0.000952,2,3,0,policy_stop,1
triviaqa,tc_267,"""Who was the target of the failed """"Bomb Plot"""" of 1944?""","Hitler || Hitlerian || Adolph Schicklgruber || HitlerAdolf || Hitler's medical health || Adolf Hitle || Hitlar || Adolph Hiedler || Adolf Hiedler || Adolph Hittler || Day of Potsdam || Adolpf Hitler || Adolf Hister || Adolf Hitlier || Adolph Hitler's health || Hitler's health || Hitlers || Aldof Hilter || HITLER || Hitler, Adolph || History of Adolf Hitler || Hitler,Adolph || Adolph Hiter || Adolf Hittler || Herr Hitler || Hitler,Adolf || Adolf Schicklegruber || Adolf hitler || Adlof hitler || Adolph Schickelgruber || Hitler Adolf || Hitlers medical health || HitlerAdolph || Adolph Schicklegruber || Adolf Hiler || Adolf Hitler's medical condition || Hittler || Adolf Schickelgruber || Adolf Hitler || Hitler's || Hitler, adolf || Nazi leader || Hitler, Adolf || Herr Wolf || Adolph Hitler's medical health || Adolph Hitler || Adolf Hitler's health || Adolf Schicklgruber || AdolphHitler || Adolf Hilter || Health of Adolf Hitler || Adolf Hitler's medical health || Hitler Adolph || AdolfHitler || Adolf HItler || Hitlet || Hitler adolf || Adoff Hitler || Adolfus Hitler || Adolph hitler",The bomb failed to go off and Tresckow had to spend time ... Adolf Hitler has escaped death after a bomb exploded at,ANSWER,0,0.423617,0.478435,0.612909,0.002631,1,3,0,policy_stop,1
triviaqa,tc_455,What Michelle Pfeiffer movie got a boost from the Coolio song Gangsta's Paradise?,Dangerous Minds || Dangerous Minds (film) || My Posse Don't Do Homework,Coolio ft. L.V. - Gangsta's Paradise (Official Music Video),ANSWER,0,0.316929,0.316362,0.511987,0.02576,1,3,0,,1
triviaqa,tc_282,Dave Gilmore and Roger Waters were in which rock group?,Pink Floyd || Grey Floyd || Pink Floyd trivia || The Screaming Ab Dabs || Pink flowd || The Meggadeaths || The Architectural Abdabs || PINK FLOYD || Pink Flod || Pink Floyd Trivia || The Pink Floyd || Notable or frequent contributors to pink floyd || The Tea Set || Pinkfloyd || Pi5 || Pink floid || Pink Floyd (band) || The T Set || Screaming abdabs || Notable or frequent contributors to Pink Floyd || The Megadeaths || Pik floyd || The Pink Floyd Sound || Pink floyd || The T-Set || The Screaming Abdabs || Clive Metcalfe || Meggadeaths,The Electric Dylan,ANSWER,0,0.510117,0.642491,0.62892,0.000978,2,3,0,policy_stop,1
triviaqa,tc_379,What was Truman Capote's last name before he was adopted by his stepfather?,Persons || Perſons || Person || Person (philosophical) || Personhood Theory || Perſon || A person || Personhood theory,Truman Capote,ANSWER,0,0.294602,0.249592,0.554028,0.017991,1,3,0,,1
triviaqa,tc_165,In what year's Olympics were electric timing devices and a public-address system used for the first time?,"In 1912, in Stockholm",Olympic medals,ANSWER,0,0.209306,0.228034,0.306323,0.016959,1,3,0,,1
triviaqa,tc_596,"What mythological beast has the head of a man, the body of a lion, and the tail and feet of a dragon?",A manticore || The Manticore,a monster,ANSWER,0,0.28952,0.202502,0.62387,0.005538,1,3,0,policy_stop,1
triviaqa,tc_453,"In the Bible, who did the sun and moon stand still before?",Joshua || Joshua of ephraim || Y'hosheya || Yehoshea || Yahushua || Yoshea || Yehoshua%60 || Yūsha || Yhoshoa || Joshua bin Nun || Joshua Ben Nun || Yehosha || Jehoshua || Yahusha || Yhoshua || Joshua Bin-Nun || Yhoshua Ben Nun || Yoshia || Yehoshua Ben Nun || Y'hoshiya || Yhoshea || Y'hoshea || Yhosheya || Yoshoa || Joshua ben Nun || Josue || Yhoshia || Y'hoshua || Yhosha || Yusha' || Yhoshiya || Y'hoshia || Joshua's Prayer || Ieshua || Y'hoshoa || Yoshua || Y'hosha || Joshuah || يوشع || Yehoshia || Jesus Navin || Joshua in Islam || Joshua's conquests || Yosheya || Joshua son of Nun || Yehoshoa || Yehoshiya || Yĕhōshūa‘ || Yehosheya || Yosha || Jehoshuah || יְהוֹשֻׁעַ,"Joshua prayed to the LORD before Israel: “O sun, stand still over Gibeon! ... Joshua 10:12 French Bible Joshua Commands the",ANSWER,0,0.363744,0.401366,0.533836,0.014553,1,3,0,,1
triviaqa,tc_515,Art Garfunkel trained for which profession although he didn't qualify?,"Architect || Master Builder (occupation) || Master builder (occupation) || Registered Architect || Architects || Architecht || HOK Canada, Inc. || Stanford Downey Architects Inc. || Graziani + Corazza || Architechts || Clifford & Lawrie","Art Garfunkel first experimented with echo when he was a kid, singing in the synagogue and the halls of his",ANSWER,0,0.487337,0.592509,0.636521,0.00063,2,3,0,policy_stop,1
triviaqa,tc_538,In the 80s who wrote the novel Empire of The Sun?,J. G. Ballard || JG Ballard || J.G. Ballard || James Graham Ballard || J.G.Ballard || Jg ballard || A User's Guide to the Millenium || J G Ballard || Ballardian || James G. Ballard,"British writer J.G. Ballard, a novelist whose work was turned into films by such directors as Steven Spielberg and David Cronenberg",ANSWER,0,0.460391,0.531084,0.648817,0.00102,2,3,0,policy_stop,1
triviaqa,tc_288,Which highway was Revisited in a classic 60s album by Bob Dylan?,61 || sixty-one,The Electric Dylan,ANSWER,0,0.447955,0.528949,0.605616,0.008977,1,3,0,policy_stop,1
triviaqa,tc_133,What is the Japanese share index called?,Nikkei || Nikkei (disambiguation),Nikkei 225 Stock Average,ANSWER,0,0.453815,0.547852,0.597329,0.003451,1,3,0,policy_stop,1
triviaqa,tc_604,"In Greek mythology, who were Arges, Brontes and Steropes?",Cyclopes || Cyclopes (disambiguation),Cyclopes,ANSWER,1,0.338214,0.350932,0.527852,0.021963,1,3,0,,0
triviaqa,tc_510,What was President Gerald Ford's middle name?,Rudolph || Rudolph (disambiguation) || Rudolf || Rodolph || Rodolphe,"Leslie Lynch King, Jr.",ANSWER,0,0.496399,0.611887,0.633384,0.002199,2,3,0,policy_stop,1
triviaqa,tc_626,Which musician founded the Red Hot Peppers?,Jelly Roll Morton || Ferdinand Joseph La Menthe || Louise Monette || Ferdinand Morton || Ferdinand %22Jelly Roll%22 Morton || F.P. Lamothe || Ferdinand Lamothe || Jellyroll Morton || Ferdinand Joseph Morton || Joseph Ferdinand Morton || Ferdinand Joseph Lamothe || Jelly-Roll Morton,"""Black Bottom Stomp"" (Jelly Roll Morton)Recorded September 15, 1926, at the Webster Hotel in Chicago, Illinois",ANSWER,0,0.457355,0.56226,0.584939,0.003716,2,3,0,policy_stop,1
triviaqa,tc_397,"In Lewis Carroll's poem The Hunting of the Snark, what did the elusive, troublesome snark turn into to fool hunters?",A boojum || Boojum (disambiguation) || Boojum,nonsense poem,ANSWER,0,0.291663,0.195021,0.6455,0.002513,1,3,0,policy_stop,1
triviaqa,tc_517,Who was the last inmate of Spandau jail in Berlin?,"Rudolf Hess || Hess, Rudolf || Rudolf hess || Rudolf W. Hess || Rudolph Hess || Walther Richard Rudolf Hess || Rudolf Walter Richard Hess || Rudolf Walter Richard Heß || Rudolph Heß || Rudolf Heß || Rudolf Hesse","International War Crimes Prison was built in 1871, it is still in use.",ANSWER,0,0.360791,0.388098,0.546038,0.014655,1,3,0,,1
triviaqa,tc_106,Which actress was voted Miss Greenwich Village in 1942?,Lauren Bacall || Bacall || Lauren Becal || Lauren Becall || Betty J. Perske || Loren Bacall || Betty Joan Perske || Betty Perske || Betty Joan Perski,New York Daily News,ANSWER,0,0.393249,0.432953,0.584943,0.006447,1,3,0,,1
triviaqa,tc_559,Kim Carnes' nine weeks at No 1 with Bette Davis Eyes was interrupted for one week by which song?,Stars on 45 medley || Stars on 45 (Single) || Stars On 45 Medley || Stars on 45 (song) || Stars on 45 Medley || Medley: Intro Venus / Sugar Sugar / No Reply / I'll Be Back / Drive My Car / Do You Want to Know a Secret / We Can Work It Out / I Should Have Known Better / Nowhere Man / You're Going to Lose That Girl / Stars on 45,"""Bette Davis Eyes"" is a classic hit song written by Donna Weiss and Jackie DeShannon, and made popular by American singer-",ANSWER,0,0.270555,0.175228,0.602735,0.010603,1,3,0,policy_stop,1
triviaqa,tc_261,Which musical featured the song The Street Where You Live?,My Fair Lady || My Fair Lady (2010 film) || Enry Iggins || Why Can't the English%3F || My Fair Lady (upcoming film) || My Fair Lady (musical) || My fair lady || I'm an Ordinary Man || My Fair Lady (2014 film) || My Fair Lady (2012 film) || My Fair Lady (2015 film),LYRICS,ANSWER,0,0.505272,0.636816,0.621891,0.001484,2,3,0,policy_stop,1
triviaqa,tc_518,What was Eddie Murphy's first movie?,48 Hours || 48 time || forty-eight time,Paper Lace,ANSWER,0,0.445221,0.52695,0.602428,0.005088,1,3,0,policy_stop,1
triviaqa,tc_635,Where did the Shinning Path terrorists operate?,Peru || Lower Peru || Name of Peru || Republic of Peru || Etymology of Peru || ISO 3166-1:PE || Piruw || Peruano || República del Perú || El Perú || Republic of Perú || Peruvian Republic || Peruvian || Péru || Piruw Ripuwlika || El Peru || Perú || Perù || Piruw Suyu || Pérou || Peruvia,Shining Path supporters,ANSWER,0,0.441958,0.565536,0.524904,0.008595,1,3,0,policy_stop,1
triviaqa,tc_149,In which decade did stereo records first go on sale?,1930s || 1930’s || Thirties || 1930s literature || Nineteen-thirties || 1930–1939 || 1930-1939 || '30s || 1930's || %6030s || 1930s (decade) || The Thirties,Christmas,ANSWER,0,0.492199,0.596952,0.64551,0.000352,2,3,0,policy_stop,1
triviaqa,tc_298,Which was the only eastern bloc country to participate in the 1984 LA Olympics?,Rumania || ISO 3166-1:RO || Romanian state || ROMANIA || Roumania || Etymology of Romania || Romainia || Romînia || North Danubian region || Carpathian Danubian space || ROU || România || Romanian State || Roumanie || Country ROM || Rromania || Romania || Republic of Romania || RO (country) || Rumänien || Danubian-Carpathian Area || Austro-Hungarian Empire (Romania) || Rumunia,Olympic medals,ANSWER,0,0.454376,0.526175,0.635786,0.002766,2,3,0,policy_stop,1
triviaqa,tc_49,Who had a 70s No 1 hit with Kiss You All Over?,Exile || Internal exile || Exiles || Transported for life || Exile (politics and government) || Voluntary exile || Sent into exile || Exile and Banishment || Self-exile || Forced exile || Exile in Greek tragedy || Banish || Banishment,Paper Lace,ANSWER,0,0.312876,0.310225,0.507981,0.026844,1,3,0,,1
triviaqa,tc_245,Who was the director of the CIA from 1976-81?,"George Bush || George bush || Goerge Bush || George W. Bush (disambiguation) || GeorgeBush || George Bushe || Georgebush || Georg bush || G Bush || George Bush, President || George Bush (disambiguation) || Bush, George || Geroge Bush",DELETED>,ANSWER,0,0.455009,0.520952,0.647686,0.001137,2,3,0,policy_stop,1
triviaqa,tc_2,Who was the man behind The Chipmunks?,David Seville,The Chipettes,ANSWER,0,0.428942,0.526628,0.546109,0.008977,1,3,0,policy_stop,1
triviaqa,tc_33,Which Lloyd Webber musical premiered in the US on 10th December 1993?,Sunset Boulevard || Sunset Blvd || West Sunset Boulevard || Sunset Bulevard || Sunset Blvd.,Leona Lewis to star as Grizabella in Cats on Broadway,ANSWER,0,0.435559,0.528183,0.567471,0.006133,1,3,0,policy_stop,1
triviaqa,tc_657,Which Brit broke the land speed record in 1990 in Thrust 2?,Richard Noble,List of world land speed record holders,ANSWER,0,0.37356,0.41498,0.545183,0.012575,1,3,0,,1
triviaqa,tc_280,Who directed the classic 30s western Stagecoach?,"John Ford || John Ford (1895-1973) || Sean O'Feeney || John Ford (film director) || Ford, John (1895-1973) || Argosy Pictures || John Ford statue || John Martin O'Feeney || John Ford (director) || Cavalry trilogy || John O'Feeney || Sean Aloysius O'Feeney || Ford, John",The film is a classic Western.,ANSWER,0,0.449637,0.542092,0.592534,0.004156,1,3,0,policy_stop,1
triviaqa,tc_137,What was the name of Michael Jackson's autobiography written in 1988?,Moonwalk || Walk on the Moon || Walk on the moon || Moonwalk (disambiguation) || Lunar walks || Moon Walk || Moonwalking || Lunar walk || Moon walk || Moonwalks || Moon walks || Lunar walking || Moon walking,New York Daily News,ANSWER,0,0.372083,0.41164,0.546054,0.012235,1,3,0,,1
triviaqa,tc_219,The flag of Libya is a plain rectangle of which color?,"Green || Greenishly || Avacado (color) || Green (color) || Rgb(0, 255, 0) || Greenishness || The colour green || Greenest || List of terms associated with the color green || The color green || Pastel green || (0, 255, 0) || Green (colour) || Greenness",Course Hero,ANSWER,0,0.366681,0.40555,0.537121,0.013848,1,3,0,,1
triviaqa,tc_349,Men Against the Sea and Pitcairn's Island were two sequels to what famous novel?,Mutiny On The Bounty || HMS Bounty mutineers || Mutiny on the Bounty || Mutiny on Bounty || Mutiny on the Bounty (history) || Mutiny on the bounty || Bounty (vessel) || Thomas Ledward,X Beta I'm Watching This! Keep track of everything you watch; tell your friends. Error 2001: A Space Odyssey ( 1968,ANSWER,0,0.371266,0.386601,0.588673,0.006816,1,3,0,,1
triviaqa,tc_586,Where in England was actor Nigel Hawthorne born?,"Coventry || Cofantre || Coventry (city) || Coventry, Warwickshire || Coventry, UK || Coventry, England || City of Coventry || COVENTRY || County Borough of Coventry || Coventry (borough) || Coventry City council || Coventry, United Kingdom || Metropolitan Borough of Coventry",William Golding: The Man Who Wrote Lord of the Flies by John Carey,ANSWER,0,0.411801,0.497287,0.536124,0.011601,1,3,0,policy_stop,1
webq,http://www.freebase.com/view/en/edgar_allan_poe,where did edgar allan poe died?,Baltimore,Baltimore,ANSWER,1,0.324567,0.257136,0.653042,0.000432,1,3,0,policy_stop,0
webq,http://www.freebase.com/view/en/wolfgang_amadeus_mozart,who did mozart write his four horn concertos for?,wolfgang amadeus mozart used story by pierre beaumarchais,wolfgang amadeus mozart,ANSWER,0,0.315335,0.240715,0.649454,0.000706,1,3,0,policy_stop,1
webq,http://www.freebase.com/view/en/frederick,what county is frederick md in?,Frederick County,Frederick County,ANSWER,1,0.325651,0.256866,0.657253,0.000212,1,3,0,policy_stop,0
webq,http://www.freebase.com/view/en/martin_luther_king_jr,what things did martin luther king do?,Civil rights movement || Civil disobedience || Nonviolence,Civil rights movement,ANSWER,1,0.32231,0.252165,0.6538,0.000437,1,3,0,policy_stop,0
webq,http://www.freebase.com/view/en/soviet_union,who was the leader of soviet union during wwii?,Joseph Stalin,Joseph Stalin,ANSWER,1,0.321019,0.251287,0.650765,0.000728,1,3,0,policy_stop,0
webq,http://www.freebase.com/view/en/niall_ferguson,who is niall ferguson's wife?,Ayaan Hirsi Ali,Ayaan Hirsi Ali,ANSWER,1,0.326246,0.260573,0.652886,0.000468,1,3,0,policy_stop,0
webq,http://www.freebase.com/view/en/martin_luther_king_jr,what town was martin luther king assassinated in?,Memphis,Memphis,ANSWER,1,0.324538,0.258238,0.650997,0.000603,1,3,0,policy_stop,0
webq,http://www.freebase.com/view/en/harper_lee,what highschool did harper lee go to?,Monroe County High School,Monroe County High School,ANSWER,1,0.318769,0.248433,0.647979,0.000796,1,3,0,policy_stop,0
webq,http://www.freebase.com/view/en/ohio,who is governor of ohio 2011?,John Kasich,John Kasich,ANSWER,1,0.328175,0.262471,0.65626,0.000305,1,3,0,policy_stop,0
webq,http://www.freebase.com/view/en/chiune_sugihara,what happened after mr. sugihara died?,Yaotsu,he died,ANSWER,0,0.235551,0.270906,0.333525,0.000206,1,3,0,,1
webq,http://www.freebase.com/view/en/oregon_ducks,what is the oregon ducks 2012 football schedule?,University of Oregon,2012,ANSWER,0,0.222454,0.249604,0.324935,0.000855,1,3,0,,1
webq,http://www.freebase.com/view/en/fukushima_i_nuclear_power_plant,where is the fukushima daiichi nuclear plant located?,Japan || Okuma,Japan,ANSWER,1,0.322104,0.250654,0.655735,0.000285,1,3,0,policy_stop,0
webq,http://www.freebase.com/view/en/william_henry_harrison,what year did president william henry harrison take office?,3/4/1841,1891,ANSWER,0,0.232234,0.252065,0.353398,0.000909,1,3,0,,1
webq,http://www.freebase.com/view/en/samsung_group,where are samsung based?,Seoul,Seoul,ANSWER,1,0.331271,0.26707,0.658908,0.00032,1,3,0,policy_stop,0
webq,http://www.freebase.com/view/en/george_w_bush,who did george w. bush run against for the second term?,Al Gore,Al Gore,ANSWER,1,0.316559,0.242886,0.649917,0.000706,1,3,0,policy_stop,0
webq,http://www.freebase.com/view/en/jamarcus_russell,where is jamarcus russell from?,Mobile,Washington,ANSWER,0,0.236306,0.266896,0.342723,0.000206,1,3,0,,1
webq,http://www.freebase.com/view/en/islam,what did the islamic people believe in?,Zakāt || Salah || Hajj || Islamic dietary laws || Jihad || Sawm || Halal food || Shahada || Adab,Jihad,ANSWER,1,0.328797,0.261459,0.660118,0.000161,1,3,0,policy_stop,0
webq,http://www.freebase.com/view/en/bilbo_baggins,who plays bilbo baggins in the hobbit?,Norman Bird || Martin Freeman || Ian Holm,John Wayne,ANSWER,0,0.231647,0.253128,0.349849,0.000641,1,3,0,,1
webq,http://www.freebase.com/view/en/united_states,what channel is the usa pageant on?,us,Channel 4,ANSWER,0,0.234,0.258833,0.348273,0.000506,1,3,0,,1
webq,http://www.freebase.com/view/en/st_augustin,what did st augustine do?,Physician || Writer || Philosopher,Physician,ANSWER,1,0.334727,0.273359,0.660092,9.9e-05,1,3,0,policy_stop,0
webq,http://www.freebase.com/view/en/atlanta,what to do today in atlanta with kids?,"Atlanta History Center || Atlanta Cyclorama & Civil War Museum || Atlanta Ballet || Fernbank Museum of Natural History || Woodruff Arts Center || Zoo Atlanta || Atlanta Symphony Orchestra || Centennial Olympic Park || Martin Luther King, Jr., National Historic Site || Fernbank Science Center",Atlanta Cyclorama & Civil War Museum,ANSWER,1,0.312914,0.237158,0.647157,0.000938,1,3,0,policy_stop,0
webq,http://www.freebase.com/view/en/saint_lucia,what is the best sandals resort in st lucia?,Micoud Quarter || Choiseul Quarter || Praslin Quarter || Vieux Fort Quarter || Castries Quarter || Laborie Quarter || Gros Islet Quarter || Anse la Raye Quarter || Dauphin Quarter || Dennery Quarter,Castries Quarter,ANSWER,1,0.319506,0.249507,0.648649,0.000788,1,3,0,policy_stop,0
webq,http://www.freebase.com/view/en/justin_bieber,what are the songs that justin bieber wrote?,Catching Feelings || Down to Earth || Beauty and a Beat || All Around The World (featuring Ludacris) || Die in Your Arms || As Long As You Love Me (featuring Big Sean) || Baby || Believe || Be Alright || Boyfriend,The Beatles,ANSWER,0,0.227189,0.244741,0.348992,0.000606,1,3,0,,1
webq,http://www.freebase.com/view/en/anna_bligh,what electorate does anna bligh represent?,Electoral district of South Brisbane,Electoral district of South Brisbane,ANSWER,1,0.315677,0.243491,0.64577,0.001002,1,3,0,policy_stop,0
webq,http://www.freebase.com/view/en/andrew_murray,where did andy murray started playing tennis?,United Kingdom,United Kingdom,ANSWER,1,0.218919,0.244998,0.320996,0.000605,1,3,0,,0
webq,http://www.freebase.com/view/en/cameron_newton,who did cam newton sign with?,Carolina Panthers,Carolina Panthers,ANSWER,1,0.323504,0.255385,0.652388,0.000476,1,3,0,policy_stop,0
webq,http://www.freebase.com/view/en/keyshia_cole,who is keyshia cole dad?,Leon Cole,Leon Cole,ANSWER,1,0.326248,0.258165,0.657073,0.000218,1,3,0,policy_stop,0
webq,http://www.freebase.com/view/en/benjamin_franklin,what else did ben franklin invent?,Lightning rod || Franklin stove || Bifocals || Glass harmonica,Lightning rod,ANSWER,1,0.320299,0.251172,0.648543,0.000752,1,3,0,policy_stop,0
webq,http://www.freebase.com/view/en/georges_clemenceau,what did george clemenceau do?,Newspaper || Physician || Statesman || Publisher,Newspaper,ANSWER,1,0.332789,0.270226,0.658826,0.000141,1,3,0,policy_stop,0
webq,http://www.freebase.com/view/en/islam,what are some of the traditions of islam?,Zakāt || Salah || Hajj || Islamic dietary laws || Mosque Carpet || Jihad || Sawm || Halal food || Shahada || Adab,Kingdom of the Netherlands,ANSWER,0,0.336341,0.276058,0.660927,0.00017,1,3,0,policy_stop,1
webq,http://www.freebase.com/view/en/arizona,what is the state flower of arizona?,Saguaro,Saguaro,ANSWER,1,0.329751,0.265764,0.655903,0.000493,1,3,0,policy_stop,0
webq,http://www.freebase.com/view/en/france,who did france surrender to in ww2?,Germany,Germany,ANSWER,1,0.229643,0.261397,0.329632,0.000277,1,3,0,,0
webq,http://www.freebase.com/view/en/austraila,what is the australian dollar called?,Australian dollar,Australian dollar,ANSWER,1,0.226315,0.253453,0.331572,0.000587,1,3,0,,0
webq,http://www.freebase.com/view/en/george_washington_carver,where was george washington carver from?,Diamond,Diamond,ANSWER,1,0.32701,0.261129,0.65455,0.000401,1,3,0,policy_stop,0
webq,http://www.freebase.com/view/en/utah,what timezone is utah in?,Mountain Time Zone,Mountain Time Zone,ANSWER,1,0.33151,0.266281,0.661171,9.2e-05,1,3,0,policy_stop,0
webq,http://www.freebase.com/view/en/united_kingdom,what countries are part of the uk?,Scotland || England || Wales || Northern Ireland,Scotland,ANSWER,1,0.329376,0.265021,0.656016,0.000303,1,3,0,policy_stop,0
webq,http://www.freebase.com/view/en/sweden,what timezone is sweden?,Central European Time,Central European Time,ANSWER,1,0.331879,0.268732,0.658206,0.000256,1,3,0,policy_stop,0
webq,http://www.freebase.com/view/en/riannah,where was rihanna born and raised?,Saint Michael Parish || Barbados,Barbados,ANSWER,1,0.325027,0.257243,0.654373,0.000466,1,3,0,policy_stop,0
webq,http://www.freebase.com/view/en/germany,what country did germany invade first in ww1?,Belgium,Germany,ANSWER,0,0.234711,0.260493,0.347863,0.000531,1,3,0,,1
webq,http://www.freebase.com/view/en/egypt,what kind government does egypt have?,Semi-presidential system || Constitutional republic || Republic || Unitary state,Semi-presidential system,ANSWER,1,0.325386,0.257606,0.654919,0.000536,1,3,0,policy_stop,0
webq,http://www.freebase.com/view/en/ken_barlow,who plays ken barlow in coronation street?,Tony Warren,Tony Warren,ANSWER,1,0.319569,0.247916,0.651569,0.000701,1,3,0,policy_stop,0
webq,http://www.freebase.com/view/en/united_states_house_of_representatives,who is the minority leader of the house of representatives now?,Nancy Pelosi,Nancy Pelosi,ANSWER,1,0.323598,0.253267,0.656381,0.000252,1,3,0,policy_stop,0
webq,http://www.freebase.com/view/en/jamaica,what does jamaican people speak?,Jamaican Creole English Language || Jamaican English,Jamaican Creole English Language,ANSWER,1,0.318126,0.246457,0.649187,0.000707,1,3,0,policy_stop,0
webq,http://www.freebase.com/view/en/james_k_polk,what did james k polk do before he was president?,Lawyer,Lawyer,ANSWER,1,0.320933,0.250558,0.651821,0.000538,1,3,0,policy_stop,0
webq,http://www.freebase.com/view/en/george_lopez,where george lopez was born?,Mission Hills,Mission Hills,ANSWER,1,0.326226,0.258648,0.656156,0.000276,1,3,0,policy_stop,0
webq,http://www.freebase.com/view/en/louisiana,what is my timezone in louisiana?,Central Time Zone || UTC−06:00,Central Time Zone,ANSWER,1,0.327867,0.260498,0.658614,0.000168,1,3,0,policy_stop,0
webq,http://www.freebase.com/view/en/richard_nixon,who was richard nixon married to?,Pat Nixon,Pat Nixon,ANSWER,1,0.3227,0.254531,0.651075,0.000562,1,3,0,policy_stop,0
webq,http://www.freebase.com/view/en/john_f_kennedy,who was vice president after kennedy died?,Lyndon B. Johnson,Lyndon B. Johnson,ANSWER,1,0.321452,0.250715,0.653288,0.000542,1,3,0,policy_stop,0
webq,http://www.freebase.com/view/en/charles_goodyear,when did charles goodyear invented rubber?,"During the early 1830's he began inventing, filing six patents between 1830 and 1834, and during this period became interested in rubber, which he tried - unsuccessfully - to use in some of his mechanical inventions.",1897,ANSWER,0,0.232117,0.252573,0.352229,0.000808,1,3,0,,1
webq,http://www.freebase.com/view/en/galapagos_islands,where is the galapagos islands located on a world map?,Pacific Ocean || Galápagos Province,Pacific Ocean,ANSWER,1,0.321962,0.247521,0.6606,0.000107,1,3,0,policy_stop,0
